layer,strip,end,adc_fit_k,adc_fit_m,tot_fit_k,tot_fit_m
1,0,0,2.3337402270582586,283.9493490147817,0.5672728233374911,0.5672728233374911
1,0,1,2.3337402270582586,283.9493490147817,0.5672728233374911,0.5672728233374911
1,1,0,2.3337402270582586,283.9493490147817,0.5672728233374911,0.5672728233374911
1,1,1,2.3337402270582586,283.9493490147817,0.5672728233374911,0.5672728233374911
1,2,0,2.3337402270582586,283.9493490147817,0.5672728233374911,0.5672728233374911
1,2,1,2.3337402270582586,283.9493490147817,0.5672728233374911,0.5672728233374911
1,3,0,2.3337402270582586,283.9493490147817,0.5672728233374911,0.5672728233374911
1,3,1,2.3337402270582586,283.9493490147817,0.5672728233374911,0.5672728233374911
1,4,0,2.3337402270582586,283.9493490147817,0.5672728233374911,0.5672728233374911
1,4,1,2.3337402270582586,283.9493490147817,0.5672728233374911,0.5672728233374911
1,5,0,2.3337402270582586,283.9493490147817,0.5672728233374911,0.5672728233374911
1,5,1,2.3337402270582586,283.9493490147817,0.5672728233374911,0.5672728233374911
1,6,0,2.3337402270582586,283.9493490147817,0.5672728233374911,0.5672728233374911
1,6,1,2.3337402270582586,283.9493490147817,0.5672728233374911,0.5672728233374911
1,7,0,2.3337402270582586,283.9493490147817,0.5672728233374911,0.5672728233374911
1,7,1,2.3337402270582586,283.9493490147817,0.5672728233374911,0.5672728233374911
1,8,0,2.3337402270582586,283.9493490147817,0.5672728233374911,0.5672728233374911
1,8,1,2.3337402270582586,283.9493490147817,0.5672728233374911,0.5672728233374911
1,9,0,2.3337402270582586,283.9493490147817,0.5672728233374911,0.5672728233374911
1,9,1,2.3337402270582586,283.9493490147817,0.5672728233374911,0.5672728233374911
1,10,0,2.3337402270582586,283.9493490147817,0.5672728233374911,0.5672728233374911
1,10,1,2.3337402270582586,283.9493490147817,0.5672728233374911,0.5672728233374911
1,11,0,2.3337402270582586,283.9493490147817,0.5672728233374911,0.5672728233374911
1,11,1,2.3337402270582586,283.9493490147817,0.5672728233374911,0.5672728233374911
1,12,0,2.3337402270582586,283.9493490147817,0.5672728233374911,0.5672728233374911
1,12,1,2.3337402270582586,283.9493490147817,0.5672728233374911,0.5672728233374911
2,0,0,2.3337402270582586,283.9493490147817,0.5672728233374911,0.5672728233374911
2,0,1,2.3337402270582586,283.9493490147817,0.5672728233374911,0.5672728233374911
2,1,0,2.3337402270582586,283.9493490147817,0.5672728233374911,0.5672728233374911
2,1,1,2.3337402270582586,283.9493490147817,0.5672728233374911,0.5672728233374911
2,2,0,2.3337402270582586,283.9493490147817,0.5672728233374911,0.5672728233374911
2,2,1,2.3337402270582586,283.9493490147817,0.5672728233374911,0.5672728233374911
2,3,0,2.3337402270582586,283.9493490147817,0.5672728233374911,0.5672728233374911
2,3,1,2.3337402270582586,283.9493490147817,0.5672728233374911,0.5672728233374911
2,4,0,2.3337402270582586,283.9493490147817,0.5672728233374911,0.5672728233374911
2,4,1,2.3337402270582586,283.9493490147817,0.5672728233374911,0.5672728233374911
2,5,0,2.3337402270582586,283.9493490147817,0.5672728233374911,0.5672728233374911
2,5,1,2.3337402270582586,283.9493490147817,0.5672728233374911,0.5672728233374911
2,6,0,2.3337402270582586,283.9493490147817,0.5672728233374911,0.5672728233374911
2,6,1,2.3337402270582586,283.9493490147817,0.5672728233374911,0.5672728233374911
2,7,0,2.3337402270582586,283.9493490147817,0.5672728233374911,0.5672728233374911
2,7,1,2.3337402270582586,283.9493490147817,0.5672728233374911,0.5672728233374911
2,8,0,2.3337402270582586,283.9493490147817,0.5672728233374911,0.5672728233374911
2,8,1,2.3337402270582586,283.9493490147817,0.5672728233374911,0.5672728233374911
2,9,0,2.3337402270582586,283.9493490147817,0.5672728233374911,0.5672728233374911
2,9,1,2.3337402270582586,283.9493490147817,0.5672728233374911,0.5672728233374911
2,10,0,2.3337402270582586,283.9493490147817,0.5672728233374911,0.5672728233374911
2,10,1,2.3337402270582586,283.9493490147817,0.5672728233374911,0.5672728233374911
2,11,0,2.3337402270582586,283.9493490147817,0.5672728233374911,0.5672728233374911
2,11,1,2.3337402270582586,283.9493490147817,0.5672728233374911,0.5672728233374911
2,12,0,2.3337402270582586,283.9493490147817,0.5672728233374911,0.5672728233374911
2,12,1,2.3337402270582586,283.9493490147817,0.5672728233374911,0.5672728233374911
3,0,0,2.3337402270582586,283.9493490147817,0.5672728233374911,0.5672728233374911
3,0,1,2.3337402270582586,283.9493490147817,0.5672728233374911,0.5672728233374911
3,1,0,2.3337402270582586,283.9493490147817,0.5672728233374911,0.5672728233374911
3,1,1,2.3337402270582586,283.9493490147817,0.5672728233374911,0.5672728233374911
3,2,0,2.3337402270582586,283.9493490147817,0.5672728233374911,0.5672728233374911
3,2,1,2.3337402270582586,283.9493490147817,0.5672728233374911,0.5672728233374911
3,3,0,2.3337402270582586,283.9493490147817,0.5672728233374911,0.5672728233374911
3,3,1,2.3337402270582586,283.9493490147817,0.5672728233374911,0.5672728233374911
3,4,0,2.3337402270582586,283.9493490147817,0.5672728233374911,0.5672728233374911
3,4,1,2.3337402270582586,283.9493490147817,0.5672728233374911,0.5672728233374911
3,5,0,2.3337402270582586,283.9493490147817,0.5672728233374911,0.5672728233374911
3,5,1,2.3337402270582586,283.9493490147817,0.5672728233374911,0.5672728233374911
3,6,0,2.3337402270582586,283.9493490147817,0.5672728233374911,0.5672728233374911
3,6,1,2.3337402270582586,283.9493490147817,0.5672728233374911,0.5672728233374911
3,7,0,2.3337402270582586,283.9493490147817,0.5672728233374911,0.5672728233374911
3,7,1,2.3337402270582586,283.9493490147817,0.5672728233374911,0.5672728233374911
3,8,0,2.3337402270582586,283.9493490147817,0.5672728233374911,0.5672728233374911
3,8,1,2.3337402270582586,283.9493490147817,0.5672728233374911,0.5672728233374911
3,9,0,2.3337402270582586,283.9493490147817,0.5672728233374911,0.5672728233374911
3,9,1,2.3337402270582586,283.9493490147817,0.5672728233374911,0.5672728233374911
3,10,0,2.3337402270582586,283.9493490147817,0.5672728233374911,0.5672728233374911
3,10,1,2.3337402270582586,283.9493490147817,0.5672728233374911,0.5672728233374911
3,11,0,2.3337402270582586,283.9493490147817,0.5672728233374911,0.5672728233374911
3,11,1,2.3337402270582586,283.9493490147817,0.5672728233374911,0.5672728233374911
3,12,0,2.3337402270582586,283.9493490147817,0.5672728233374911,0.5672728233374911
3,12,1,2.3337402270582586,283.9493490147817,0.5672728233374911,0.5672728233374911
4,0,0,2.3337402270582586,283.9493490147817,0.5672728233374911,0.5672728233374911
4,0,1,2.3337402270582586,283.9493490147817,0.5672728233374911,0.5672728233374911
4,1,0,2.3337402270582586,283.9493490147817,0.5672728233374911,0.5672728233374911
4,1,1,2.3337402270582586,283.9493490147817,0.5672728233374911,0.5672728233374911
4,2,0,2.3337402270582586,283.9493490147817,0.5672728233374911,0.5672728233374911
4,2,1,2.3337402270582586,283.9493490147817,0.5672728233374911,0.5672728233374911
4,3,0,2.3337402270582586,283.9493490147817,0.5672728233374911,0.5672728233374911
4,3,1,2.3337402270582586,283.9493490147817,0.5672728233374911,0.5672728233374911
4,4,0,2.3337402270582586,283.9493490147817,0.5672728233374911,0.5672728233374911
4,4,1,2.3337402270582586,283.9493490147817,0.5672728233374911,0.5672728233374911
4,5,0,2.3337402270582586,283.9493490147817,0.5672728233374911,0.5672728233374911
4,5,1,2.3337402270582586,283.9493490147817,0.5672728233374911,0.5672728233374911
4,6,0,2.3337402270582586,283.9493490147817,0.5672728233374911,0.5672728233374911
4,6,1,2.3337402270582586,283.9493490147817,0.5672728233374911,0.5672728233374911
4,7,0,2.3337402270582586,283.9493490147817,0.5672728233374911,0.5672728233374911
4,7,1,2.3337402270582586,283.9493490147817,0.5672728233374911,0.5672728233374911
4,8,0,2.3337402270582586,283.9493490147817,0.5672728233374911,0.5672728233374911
4,8,1,2.3337402270582586,283.9493490147817,0.5672728233374911,0.5672728233374911
4,9,0,2.3337402270582586,283.9493490147817,0.5672728233374911,0.5672728233374911
4,9,1,2.3337402270582586,283.9493490147817,0.5672728233374911,0.5672728233374911
4,10,0,2.3337402270582586,283.9493490147817,0.5672728233374911,0.5672728233374911
4,10,1,2.3337402270582586,283.9493490147817,0.5672728233374911,0.5672728233374911
4,11,0,2.3337402270582586,283.9493490147817,0.5672728233374911,0.5672728233374911
4,11,1,2.3337402270582586,283.9493490147817,0.5672728233374911,0.5672728233374911
4,12,0,2.3337402270582586,283.9493490147817,0.5672728233374911,0.5672728233374911
4,12,1,2.3337402270582586,283.9493490147817,0.5672728233374911,0.5672728233374911
5,0,0,2.3337402270582586,283.9493490147817,0.5672728233374911,0.5672728233374911
5,0,1,2.3337402270582586,283.9493490147817,0.5672728233374911,0.5672728233374911
5,1,0,2.3337402270582586,283.9493490147817,0.5672728233374911,0.5672728233374911
5,1,1,2.3337402270582586,283.9493490147817,0.5672728233374911,0.5672728233374911
5,2,0,2.3337402270582586,283.9493490147817,0.5672728233374911,0.5672728233374911
5,2,1,2.3337402270582586,283.9493490147817,0.5672728233374911,0.5672728233374911
5,3,0,2.3337402270582586,283.9493490147817,0.5672728233374911,0.5672728233374911
5,3,1,2.3337402270582586,283.9493490147817,0.5672728233374911,0.5672728233374911
5,4,0,2.3337402270582586,283.9493490147817,0.5672728233374911,0.5672728233374911
5,4,1,2.3337402270582586,283.9493490147817,0.5672728233374911,0.5672728233374911
5,5,0,2.3337402270582586,283.9493490147817,0.5672728233374911,0.5672728233374911
5,5,1,2.3337402270582586,283.9493490147817,0.5672728233374911,0.5672728233374911
5,6,0,2.3337402270582586,283.9493490147817,0.5672728233374911,0.5672728233374911
5,6,1,2.3337402270582586,283.9493490147817,0.5672728233374911,0.5672728233374911
5,7,0,2.3337402270582586,283.9493490147817,0.5672728233374911,0.5672728233374911
5,7,1,2.3337402270582586,283.9493490147817,0.5672728233374911,0.5672728233374911
5,8,0,2.3337402270582586,283.9493490147817,0.5672728233374911,0.5672728233374911
5,8,1,2.3337402270582586,283.9493490147817,0.5672728233374911,0.5672728233374911
5,9,0,2.3337402270582586,283.9493490147817,0.5672728233374911,0.5672728233374911
5,9,1,2.3337402270582586,283.9493490147817,0.5672728233374911,0.5672728233374911
5,10,0,2.3337402270582586,283.9493490147817,0.5672728233374911,0.5672728233374911
5,10,1,2.3337402270582586,283.9493490147817,0.5672728233374911,0.5672728233374911
5,11,0,2.3337402270582586,283.9493490147817,0.5672728233374911,0.5672728233374911
5,11,1,2.3337402270582586,283.9493490147817,0.5672728233374911,0.5672728233374911
5,12,0,2.3337402270582586,283.9493490147817,0.5672728233374911,0.5672728233374911
5,12,1,2.3337402270582586,283.9493490147817,0.5672728233374911,0.5672728233374911
6,0,0,2.3337402270582586,283.9493490147817,0.5672728233374911,0.5672728233374911
6,0,1,2.3337402270582586,283.9493490147817,0.5672728233374911,0.5672728233374911
6,1,0,2.3337402270582586,283.9493490147817,0.5672728233374911,0.5672728233374911
6,1,1,2.3337402270582586,283.9493490147817,0.5672728233374911,0.5672728233374911
6,2,0,2.3337402270582586,283.9493490147817,0.5672728233374911,0.5672728233374911
6,2,1,2.3337402270582586,283.9493490147817,0.5672728233374911,0.5672728233374911
6,3,0,2.3337402270582586,283.9493490147817,0.5672728233374911,0.5672728233374911
6,3,1,2.3337402270582586,283.9493490147817,0.5672728233374911,0.5672728233374911
6,4,0,2.3337402270582586,283.9493490147817,0.5672728233374911,0.5672728233374911
6,4,1,2.3337402270582586,283.9493490147817,0.5672728233374911,0.5672728233374911
6,5,0,2.3337402270582586,283.9493490147817,0.5672728233374911,0.5672728233374911
6,5,1,2.3337402270582586,283.9493490147817,0.5672728233374911,0.5672728233374911
6,6,0,2.3337402270582586,283.9493490147817,0.5672728233374911,0.5672728233374911
6,6,1,2.3337402270582586,283.9493490147817,0.5672728233374911,0.5672728233374911
6,7,0,2.3337402270582586,283.9493490147817,0.5672728233374911,0.5672728233374911
6,7,1,2.3337402270582586,283.9493490147817,0.5672728233374911,0.5672728233374911
6,8,0,2.3337402270582586,283.9493490147817,0.5672728233374911,0.5672728233374911
6,8,1,2.3337402270582586,283.9493490147817,0.5672728233374911,0.5672728233374911
6,9,0,2.3337402270582586,283.9493490147817,0.5672728233374911,0.5672728233374911
6,9,1,2.3337402270582586,283.9493490147817,0.5672728233374911,0.5672728233374911
6,10,0,2.3337402270582586,283.9493490147817,0.5672728233374911,0.5672728233374911
6,10,1,2.3337402270582586,283.9493490147817,0.5672728233374911,0.5672728233374911
6,11,0,2.3337402270582586,283.9493490147817,0.5672728233374911,0.5672728233374911
6,11,1,2.3337402270582586,283.9493490147817,0.5672728233374911,0.5672728233374911
6,12,0,2.3337402270582586,283.9493490147817,0.5672728233374911,0.5672728233374911
6,12,1,2.3337402270582586,283.9493490147817,0.5672728233374911,0.5672728233374911
7,0,0,2.3337402270582586,283.9493490147817,0.5672728233374911,0.5672728233374911
7,0,1,2.3337402270582586,283.9493490147817,0.5672728233374911,0.5672728233374911
7,1,0,2.3337402270582586,283.9493490147817,0.5672728233374911,0.5672728233374911
7,1,1,2.3337402270582586,283.9493490147817,0.5672728233374911,0.5672728233374911
7,2,0,2.3337402270582586,283.9493490147817,0.5672728233374911,0.5672728233374911
7,2,1,2.3337402270582586,283.9493490147817,0.5672728233374911,0.5672728233374911
7,3,0,2.3337402270582586,283.9493490147817,0.5672728233374911,0.5672728233374911
7,3,1,2.3337402270582586,283.9493490147817,0.5672728233374911,0.5672728233374911
7,4,0,2.3337402270582586,283.9493490147817,0.5672728233374911,0.5672728233374911
7,4,1,2.3337402270582586,283.9493490147817,0.5672728233374911,0.5672728233374911
7,5,0,2.3337402270582586,283.9493490147817,0.5672728233374911,0.5672728233374911
7,5,1,2.3337402270582586,283.9493490147817,0.5672728233374911,0.5672728233374911
7,6,0,2.3337402270582586,283.9493490147817,0.5672728233374911,0.5672728233374911
7,6,1,2.3337402270582586,283.9493490147817,0.5672728233374911,0.5672728233374911
7,7,0,2.3337402270582586,283.9493490147817,0.5672728233374911,0.5672728233374911
7,7,1,2.3337402270582586,283.9493490147817,0.5672728233374911,0.5672728233374911
7,8,0,2.3337402270582586,283.9493490147817,0.5672728233374911,0.5672728233374911
7,8,1,2.3337402270582586,283.9493490147817,0.5672728233374911,0.5672728233374911
7,9,0,2.3337402270582586,283.9493490147817,0.5672728233374911,0.5672728233374911
7,9,1,2.3337402270582586,283.9493490147817,0.5672728233374911,0.5672728233374911
7,10,0,2.3337402270582586,283.9493490147817,0.5672728233374911,0.5672728233374911
7,10,1,2.3337402270582586,283.9493490147817,0.5672728233374911,0.5672728233374911
7,11,0,2.3337402270582586,283.9493490147817,0.5672728233374911,0.5672728233374911
7,11,1,2.3337402270582586,283.9493490147817,0.5672728233374911,0.5672728233374911
7,12,0,2.3337402270582586,283.9493490147817,0.5672728233374911,0.5672728233374911
7,12,1,2.3337402270582586,283.9493490147817,0.5672728233374911,0.5672728233374911
8,0,0,2.3337402270582586,283.9493490147817,0.5672728233374911,0.5672728233374911
8,0,1,2.3337402270582586,283.9493490147817,0.5672728233374911,0.5672728233374911
8,1,0,2.3337402270582586,283.9493490147817,0.5672728233374911,0.5672728233374911
8,1,1,2.3337402270582586,283.9493490147817,0.5672728233374911,0.5672728233374911
8,2,0,2.3337402270582586,283.9493490147817,0.5672728233374911,0.5672728233374911
8,2,1,2.3337402270582586,283.9493490147817,0.5672728233374911,0.5672728233374911
8,3,0,2.3337402270582586,283.9493490147817,0.5672728233374911,0.5672728233374911
8,3,1,2.3337402270582586,283.9493490147817,0.5672728233374911,0.5672728233374911
8,4,0,2.3337402270582586,283.9493490147817,0.5672728233374911,0.5672728233374911
8,4,1,2.3337402270582586,283.9493490147817,0.5672728233374911,0.5672728233374911
8,5,0,2.3337402270582586,283.9493490147817,0.5672728233374911,0.5672728233374911
8,5,1,2.3337402270582586,283.9493490147817,0.5672728233374911,0.5672728233374911
8,6,0,2.3337402270582586,283.9493490147817,0.5672728233374911,0.5672728233374911
8,6,1,2.3337402270582586,283.9493490147817,0.5672728233374911,0.5672728233374911
8,7,0,2.3337402270582586,283.9493490147817,0.5672728233374911,0.5672728233374911
8,7,1,2.3337402270582586,283.9493490147817,0.5672728233374911,0.5672728233374911
8,8,0,2.3337402270582586,283.9493490147817,0.5672728233374911,0.5672728233374911
8,8,1,2.3337402270582586,283.9493490147817,0.5672728233374911,0.5672728233374911
8,9,0,2.3337402270582586,283.9493490147817,0.5672728233374911,0.5672728233374911
8,9,1,2.3337402270582586,283.9493490147817,0.5672728233374911,0.5672728233374911
8,10,0,2.3337402270582586,283.9493490147817,0.5672728233374911,0.5672728233374911
8,10,1,2.3337402270582586,283.9493490147817,0.5672728233374911,0.5672728233374911
8,11,0,2.3337402270582586,283.9493490147817,0.5672728233374911,0.5672728233374911
8,11,1,2.3337402270582586,283.9493490147817,0.5672728233374911,0.5672728233374911
8,12,0,2.3337402270582586,283.9493490147817,0.5672728233374911,0.5672728233374911
8,12,1,2.3337402270582586,283.9493490147817,0.5672728233374911,0.5672728233374911
9,0,0,2.3337402270582586,283.9493490147817,0.5672728233374911,0.5672728233374911
9,0,1,2.3337402270582586,283.9493490147817,0.5672728233374911,0.5672728233374911
9,1,0,2.3337402270582586,283.9493490147817,0.5672728233374911,0.5672728233374911
9,1,1,2.3337402270582586,283.9493490147817,0.5672728233374911,0.5672728233374911
9,2,0,2.3337402270582586,283.9493490147817,0.5672728233374911,0.5672728233374911
9,2,1,2.3337402270582586,283.9493490147817,0.5672728233374911,0.5672728233374911
9,3,0,2.3337402270582586,283.9493490147817,0.5672728233374911,0.5672728233374911
9,3,1,2.3337402270582586,283.9493490147817,0.5672728233374911,0.5672728233374911
9,4,0,2.3337402270582586,283.9493490147817,0.5672728233374911,0.5672728233374911
9,4,1,2.3337402270582586,283.9493490147817,0.5672728233374911,0.5672728233374911
9,5,0,2.3337402270582586,283.9493490147817,0.5672728233374911,0.5672728233374911
9,5,1,2.3337402270582586,283.9493490147817,0.5672728233374911,0.5672728233374911
9,6,0,2.3337402270582586,283.9493490147817,0.5672728233374911,0.5672728233374911
9,6,1,2.3337402270582586,283.9493490147817,0.5672728233374911,0.5672728233374911
9,7,0,2.3337402270582586,283.9493490147817,0.5672728233374911,0.5672728233374911
9,7,1,2.3337402270582586,283.9493490147817,0.5672728233374911,0.5672728233374911
9,8,0,2.3337402270582586,283.9493490147817,0.5672728233374911,0.5672728233374911
9,8,1,2.3337402270582586,283.9493490147817,0.5672728233374911,0.5672728233374911
9,9,0,2.3337402270582586,283.9493490147817,0.5672728233374911,0.5672728233374911
9,9,1,2.3337402270582586,283.9493490147817,0.5672728233374911,0.5672728233374911
9,10,0,2.3337402270582586,283.9493490147817,0.5672728233374911,0.5672728233374911
9,10,1,2.3337402270582586,283.9493490147817,0.5672728233374911,0.5672728233374911
9,11,0,2.3337402270582586,283.9493490147817,0.5672728233374911,0.5672728233374911
9,11,1,2.3337402270582586,283.9493490147817,0.5672728233374911,0.5672728233374911
9,12,0,2.3337402270582586,283.9493490147817,0.5672728233374911,0.5672728233374911
9,12,1,2.3337402270582586,283.9493490147817,0.5672728233374911,0.5672728233374911
10,0,0,2.3337402270582586,283.9493490147817,0.5672728233374911,0.5672728233374911
10,0,1,2.3337402270582586,283.9493490147817,0.5672728233374911,0.5672728233374911
10,1,0,2.3337402270582586,283.9493490147817,0.5672728233374911,0.5672728233374911
10,1,1,2.3337402270582586,283.9493490147817,0.5672728233374911,0.5672728233374911
10,2,0,2.3337402270582586,283.9493490147817,0.5672728233374911,0.5672728233374911
10,2,1,2.3337402270582586,283.9493490147817,0.5672728233374911,0.5672728233374911
10,3,0,2.3337402270582586,283.9493490147817,0.5672728233374911,0.5672728233374911
10,3,1,2.3337402270582586,283.9493490147817,0.5672728233374911,0.5672728233374911
10,4,0,2.3337402270582586,283.9493490147817,0.5672728233374911,0.5672728233374911
10,4,1,2.3337402270582586,283.9493490147817,0.5672728233374911,0.5672728233374911
10,5,0,2.3337402270582586,283.9493490147817,0.5672728233374911,0.5672728233374911
10,5,1,2.3337402270582586,283.9493490147817,0.5672728233374911,0.5672728233374911
10,6,0,2.3337402270582586,283.9493490147817,0.5672728233374911,0.5672728233374911
10,6,1,2.3337402270582586,283.9493490147817,0.5672728233374911,0.5672728233374911
10,7,0,2.3337402270582586,283.9493490147817,0.5672728233374911,0.5672728233374911
10,7,1,2.3337402270582586,283.9493490147817,0.5672728233374911,0.5672728233374911
10,8,0,2.3337402270582586,283.9493490147817,0.5672728233374911,0.5672728233374911
10,8,1,2.3337402270582586,283.9493490147817,0.5672728233374911,0.5672728233374911
10,9,0,2.3337402270582586,283.9493490147817,0.5672728233374911,0.5672728233374911
10,9,1,2.3337402270582586,283.9493490147817,0.5672728233374911,0.5672728233374911
10,10,0,2.3337402270582586,283.9493490147817,0.5672728233374911,0.5672728233374911
10,10,1,2.3337402270582586,283.9493490147817,0.5672728233374911,0.5672728233374911
10,11,0,2.3337402270582586,283.9493490147817,0.5672728233374911,0.5672728233374911
10,11,1,2.3337402270582586,283.9493490147817,0.5672728233374911,0.5672728233374911
10,12,0,2.3337402270582586,283.9493490147817,0.5672728233374911,0.5672728233374911
10,12,1,2.3337402270582586,283.9493490147817,0.5672728233374911,0.5672728233374911
11,0,0,2.3337402270582586,283.9493490147817,0.5672728233374911,0.5672728233374911
11,0,1,2.3337402270582586,283.9493490147817,0.5672728233374911,0.5672728233374911
11,1,0,2.3337402270582586,283.9493490147817,0.5672728233374911,0.5672728233374911
11,1,1,2.3337402270582586,283.9493490147817,0.5672728233374911,0.5672728233374911
11,2,0,2.3337402270582586,283.9493490147817,0.5672728233374911,0.5672728233374911
11,2,1,2.3337402270582586,283.9493490147817,0.5672728233374911,0.5672728233374911
11,3,0,2.3337402270582586,283.9493490147817,0.5672728233374911,0.5672728233374911
11,3,1,2.3337402270582586,283.9493490147817,0.5672728233374911,0.5672728233374911
11,4,0,2.3337402270582586,283.9493490147817,0.5672728233374911,0.5672728233374911
11,4,1,2.3337402270582586,283.9493490147817,0.5672728233374911,0.5672728233374911
11,5,0,2.3337402270582586,283.9493490147817,0.5672728233374911,0.5672728233374911
11,5,1,2.3337402270582586,283.9493490147817,0.5672728233374911,0.5672728233374911
11,6,0,2.3337402270582586,283.9493490147817,0.5672728233374911,0.5672728233374911
11,6,1,2.3337402270582586,283.9493490147817,0.5672728233374911,0.5672728233374911
11,7,0,2.3337402270582586,283.9493490147817,0.5672728233374911,0.5672728233374911
11,7,1,2.3337402270582586,283.9493490147817,0.5672728233374911,0.5672728233374911
11,8,0,2.3337402270582586,283.9493490147817,0.5672728233374911,0.5672728233374911
11,8,1,2.3337402270582586,283.9493490147817,0.5672728233374911,0.5672728233374911
11,9,0,2.3337402270582586,283.9493490147817,0.5672728233374911,0.5672728233374911
11,9,1,2.3337402270582586,283.9493490147817,0.5672728233374911,0.5672728233374911
11,10,0,2.3337402270582586,283.9493490147817,0.5672728233374911,0.5672728233374911
11,10,1,2.3337402270582586,283.9493490147817,0.5672728233374911,0.5672728233374911
11,11,0,2.3337402270582586,283.9493490147817,0.5672728233374911,0.5672728233374911
11,11,1,2.3337402270582586,283.9493490147817,0.5672728233374911,0.5672728233374911
11,12,0,2.3337402270582586,283.9493490147817,0.5672728233374911,0.5672728233374911
11,12,1,2.3337402270582586,283.9493490147817,0.5672728233374911,0.5672728233374911
12,0,0,2.3337402270582586,283.9493490147817,0.5672728233374911,0.5672728233374911
12,0,1,2.3337402270582586,283.9493490147817,0.5672728233374911,0.5672728233374911
12,1,0,2.3337402270582586,283.9493490147817,0.5672728233374911,0.5672728233374911
12,1,1,2.3337402270582586,283.9493490147817,0.5672728233374911,0.5672728233374911
12,2,0,2.3337402270582586,283.9493490147817,0.5672728233374911,0.5672728233374911
12,2,1,2.3337402270582586,283.9493490147817,0.5672728233374911,0.5672728233374911
12,3,0,2.3337402270582586,283.9493490147817,0.5672728233374911,0.5672728233374911
12,3,1,2.3337402270582586,283.9493490147817,0.5672728233374911,0.5672728233374911
12,4,0,2.3337402270582586,283.9493490147817,0.5672728233374911,0.5672728233374911
12,4,1,2.3337402270582586,283.9493490147817,0.5672728233374911,0.5672728233374911
12,5,0,2.3337402270582586,283.9493490147817,0.5672728233374911,0.5672728233374911
12,5,1,2.3337402270582586,283.9493490147817,0.5672728233374911,0.5672728233374911
12,6,0,2.3337402270582586,283.9493490147817,0.5672728233374911,0.5672728233374911
12,6,1,2.3337402270582586,283.9493490147817,0.5672728233374911,0.5672728233374911
12,7,0,2.3337402270582586,283.9493490147817,0.5672728233374911,0.5672728233374911
12,7,1,2.3337402270582586,283.9493490147817,0.5672728233374911,0.5672728233374911
12,8,0,2.3337402270582586,283.9493490147817,0.5672728233374911,0.5672728233374911
12,8,1,2.3337402270582586,283.9493490147817,0.5672728233374911,0.5672728233374911
12,9,0,2.3337402270582586,283.9493490147817,0.5672728233374911,0.5672728233374911
12,9,1,2.3337402270582586,283.9493490147817,0.5672728233374911,0.5672728233374911
12,10,0,2.3337402270582586,283.9493490147817,0.5672728233374911,0.5672728233374911
12,10,1,2.3337402270582586,283.9493490147817,0.5672728233374911,0.5672728233374911
12,11,0,2.3337402270582586,283.9493490147817,0.5672728233374911,0.5672728233374911
12,11,1,2.3337402270582586,283.9493490147817,0.5672728233374911,0.5672728233374911
12,12,0,2.3337402270582586,283.9493490147817,0.5672728233374911,0.5672728233374911
12,12,1,2.3337402270582586,283.9493490147817,0.5672728233374911,0.5672728233374911
13,0,0,2.3337402270582586,283.9493490147817,0.5672728233374911,0.5672728233374911
13,0,1,2.3337402270582586,283.9493490147817,0.5672728233374911,0.5672728233374911
13,1,0,2.3337402270582586,283.9493490147817,0.5672728233374911,0.5672728233374911
13,1,1,2.3337402270582586,283.9493490147817,0.5672728233374911,0.5672728233374911
13,2,0,2.3337402270582586,283.9493490147817,0.5672728233374911,0.5672728233374911
13,2,1,2.3337402270582586,283.9493490147817,0.5672728233374911,0.5672728233374911
13,3,0,2.3337402270582586,283.9493490147817,0.5672728233374911,0.5672728233374911
13,3,1,2.3337402270582586,283.9493490147817,0.5672728233374911,0.5672728233374911
13,4,0,2.3337402270582586,283.9493490147817,0.5672728233374911,0.5672728233374911
13,4,1,2.3337402270582586,283.9493490147817,0.5672728233374911,0.5672728233374911
13,5,0,2.3337402270582586,283.9493490147817,0.5672728233374911,0.5672728233374911
13,5,1,2.3337402270582586,283.9493490147817,0.5672728233374911,0.5672728233374911
13,6,0,2.3337402270582586,283.9493490147817,0.5672728233374911,0.5672728233374911
13,6,1,2.3337402270582586,283.9493490147817,0.5672728233374911,0.5672728233374911
13,7,0,2.3337402270582586,283.9493490147817,0.5672728233374911,0.5672728233374911
13,7,1,2.3337402270582586,283.9493490147817,0.5672728233374911,0.5672728233374911
13,8,0,2.3337402270582586,283.9493490147817,0.5672728233374911,0.5672728233374911
13,8,1,2.3337402270582586,283.9493490147817,0.5672728233374911,0.5672728233374911
13,9,0,2.3337402270582586,283.9493490147817,0.5672728233374911,0.5672728233374911
13,9,1,2.3337402270582586,283.9493490147817,0.5672728233374911,0.5672728233374911
13,10,0,2.3337402270582586,283.9493490147817,0.5672728233374911,0.5672728233374911
13,10,1,2.3337402270582586,283.9493490147817,0.5672728233374911,0.5672728233374911
13,11,0,2.3337402270582586,283.9493490147817,0.5672728233374911,0.5672728233374911
13,11,1,2.3337402270582586,283.9493490147817,0.5672728233374911,0.5672728233374911
13,12,0,2.3337402270582586,283.9493490147817,0.5672728233374911,0.5672728233374911
13,12,1,2.3337402270582586,283.9493490147817,0.5672728233374911,0.5672728233374911
14,0,0,2.3337402270582586,283.9493490147817,0.5672728233374911,0.5672728233374911
14,0,1,2.3337402270582586,283.9493490147817,0.5672728233374911,0.5672728233374911
14,1,0,2.3337402270582586,283.9493490147817,0.5672728233374911,0.5672728233374911
14,1,1,2.3337402270582586,283.9493490147817,0.5672728233374911,0.5672728233374911
14,2,0,2.3337402270582586,283.9493490147817,0.5672728233374911,0.5672728233374911
14,2,1,2.3337402270582586,283.9493490147817,0.5672728233374911,0.5672728233374911
14,3,0,2.3337402270582586,283.9493490147817,0.5672728233374911,0.5672728233374911
14,3,1,2.3337402270582586,283.9493490147817,0.5672728233374911,0.5672728233374911
14,4,0,2.3337402270582586,283.9493490147817,0.5672728233374911,0.5672728233374911
14,4,1,2.3337402270582586,283.9493490147817,0.5672728233374911,0.5672728233374911
14,5,0,2.3337402270582586,283.9493490147817,0.5672728233374911,0.5672728233374911
14,5,1,2.3337402270582586,283.9493490147817,0.5672728233374911,0.5672728233374911
14,6,0,2.3337402270582586,283.9493490147817,0.5672728233374911,0.5672728233374911
14,6,1,2.3337402270582586,283.9493490147817,0.5672728233374911,0.5672728233374911
14,7,0,2.3337402270582586,283.9493490147817,0.5672728233374911,0.5672728233374911
14,7,1,2.3337402270582586,283.9493490147817,0.5672728233374911,0.5672728233374911
14,8,0,2.3337402270582586,283.9493490147817,0.5672728233374911,0.5672728233374911
14,8,1,2.3337402270582586,283.9493490147817,0.5672728233374911,0.5672728233374911
14,9,0,2.3337402270582586,283.9493490147817,0.5672728233374911,0.5672728233374911
14,9,1,2.3337402270582586,283.9493490147817,0.5672728233374911,0.5672728233374911
14,10,0,2.3337402270582586,283.9493490147817,0.5672728233374911,0.5672728233374911
14,10,1,2.3337402270582586,283.9493490147817,0.5672728233374911,0.5672728233374911
14,11,0,2.3337402270582586,283.9493490147817,0.5672728233374911,0.5672728233374911
14,11,1,2.3337402270582586,283.9493490147817,0.5672728233374911,0.5672728233374911
14,12,0,2.3337402270582586,283.9493490147817,0.5672728233374911,0.5672728233374911
14,12,1,2.3337402270582586,283.9493490147817,0.5672728233374911,0.5672728233374911
15,0,0,2.3337402270582586,283.9493490147817,0.5672728233374911,0.5672728233374911
15,0,1,2.3337402270582586,283.9493490147817,0.5672728233374911,0.5672728233374911
15,1,0,2.3337402270582586,283.9493490147817,0.5672728233374911,0.5672728233374911
15,1,1,2.3337402270582586,283.9493490147817,0.5672728233374911,0.5672728233374911
15,2,0,2.3337402270582586,283.9493490147817,0.5672728233374911,0.5672728233374911
15,2,1,2.3337402270582586,283.9493490147817,0.5672728233374911,0.5672728233374911
15,3,0,2.3337402270582586,283.9493490147817,0.5672728233374911,0.5672728233374911
15,3,1,2.3337402270582586,283.9493490147817,0.5672728233374911,0.5672728233374911
15,4,0,2.3337402270582586,283.9493490147817,0.5672728233374911,0.5672728233374911
15,4,1,2.3337402270582586,283.9493490147817,0.5672728233374911,0.5672728233374911
15,5,0,2.3337402270582586,283.9493490147817,0.5672728233374911,0.5672728233374911
15,5,1,2.3337402270582586,283.9493490147817,0.5672728233374911,0.5672728233374911
15,6,0,2.3337402270582586,283.9493490147817,0.5672728233374911,0.5672728233374911
15,6,1,2.3337402270582586,283.9493490147817,0.5672728233374911,0.5672728233374911
15,7,0,2.3337402270582586,283.9493490147817,0.5672728233374911,0.5672728233374911
15,7,1,2.3337402270582586,283.9493490147817,0.5672728233374911,0.5672728233374911
15,8,0,2.3337402270582586,283.9493490147817,0.5672728233374911,0.5672728233374911
15,8,1,2.3337402270582586,283.9493490147817,0.5672728233374911,0.5672728233374911
15,9,0,2.3337402270582586,283.9493490147817,0.5672728233374911,0.5672728233374911
15,9,1,2.3337402270582586,283.9493490147817,0.5672728233374911,0.5672728233374911
15,10,0,2.3337402270582586,283.9493490147817,0.5672728233374911,0.5672728233374911
15,10,1,2.3337402270582586,283.9493490147817,0.5672728233374911,0.5672728233374911
15,11,0,2.3337402270582586,283.9493490147817,0.5672728233374911,0.5672728233374911
15,11,1,2.3337402270582586,283.9493490147817,0.5672728233374911,0.5672728233374911
15,12,0,2.3337402270582586,283.9493490147817,0.5672728233374911,0.5672728233374911
15,12,1,2.3337402270582586,283.9493490147817,0.5672728233374911,0.5672728233374911
16,0,0,2.3337402270582586,283.9493490147817,0.5672728233374911,0.5672728233374911
16,0,1,2.3337402270582586,283.9493490147817,0.5672728233374911,0.5672728233374911
16,1,0,2.3337402270582586,283.9493490147817,0.5672728233374911,0.5672728233374911
16,1,1,2.3337402270582586,283.9493490147817,0.5672728233374911,0.5672728233374911
16,2,0,2.3337402270582586,283.9493490147817,0.5672728233374911,0.5672728233374911
16,2,1,2.3337402270582586,283.9493490147817,0.5672728233374911,0.5672728233374911
16,3,0,2.3337402270582586,283.9493490147817,0.5672728233374911,0.5672728233374911
16,3,1,2.3337402270582586,283.9493490147817,0.5672728233374911,0.5672728233374911
16,4,0,2.3337402270582586,283.9493490147817,0.5672728233374911,0.5672728233374911
16,4,1,2.3337402270582586,283.9493490147817,0.5672728233374911,0.5672728233374911
16,5,0,2.3337402270582586,283.9493490147817,0.5672728233374911,0.5672728233374911
16,5,1,2.3337402270582586,283.9493490147817,0.5672728233374911,0.5672728233374911
16,6,0,2.3337402270582586,283.9493490147817,0.5672728233374911,0.5672728233374911
16,6,1,2.3337402270582586,283.9493490147817,0.5672728233374911,0.5672728233374911
16,7,0,2.3337402270582586,283.9493490147817,0.5672728233374911,0.5672728233374911
16,7,1,2.3337402270582586,283.9493490147817,0.5672728233374911,0.5672728233374911
16,8,0,2.3337402270582586,283.9493490147817,0.5672728233374911,0.5672728233374911
16,8,1,2.3337402270582586,283.9493490147817,0.5672728233374911,0.5672728233374911
16,9,0,2.3337402270582586,283.9493490147817,0.5672728233374911,0.5672728233374911
16,9,1,2.3337402270582586,283.9493490147817,0.5672728233374911,0.5672728233374911
16,10,0,2.3337402270582586,283.9493490147817,0.5672728233374911,0.5672728233374911
16,10,1,2.3337402270582586,283.9493490147817,0.5672728233374911,0.5672728233374911
16,11,0,2.3337402270582586,283.9493490147817,0.5672728233374911,0.5672728233374911
16,11,1,2.3337402270582586,283.9493490147817,0.5672728233374911,0.5672728233374911
16,12,0,2.3337402270582586,283.9493490147817,0.5672728233374911,0.5672728233374911
16,12,1,2.3337402270582586,283.9493490147817,0.5672728233374911,0.5672728233374911
17,0,0,2.3337402270582586,283.9493490147817,0.5672728233374911,0.5672728233374911
17,0,1,2.3337402270582586,283.9493490147817,0.5672728233374911,0.5672728233374911
17,1,0,2.3337402270582586,283.9493490147817,0.5672728233374911,0.5672728233374911
17,1,1,2.3337402270582586,283.9493490147817,0.5672728233374911,0.5672728233374911
17,2,0,2.3337402270582586,283.9493490147817,0.5672728233374911,0.5672728233374911
17,2,1,2.3337402270582586,283.9493490147817,0.5672728233374911,0.5672728233374911
17,3,0,2.3337402270582586,283.9493490147817,0.5672728233374911,0.5672728233374911
17,3,1,2.3337402270582586,283.9493490147817,0.5672728233374911,0.5672728233374911
17,4,0,2.3337402270582586,283.9493490147817,0.5672728233374911,0.5672728233374911
17,4,1,2.3337402270582586,283.9493490147817,0.5672728233374911,0.5672728233374911
17,5,0,2.3337402270582586,283.9493490147817,0.5672728233374911,0.5672728233374911
17,5,1,2.3337402270582586,283.9493490147817,0.5672728233374911,0.5672728233374911
17,6,0,2.3337402270582586,283.9493490147817,0.5672728233374911,0.5672728233374911
17,6,1,2.3337402270582586,283.9493490147817,0.5672728233374911,0.5672728233374911
17,7,0,2.3337402270582586,283.9493490147817,0.5672728233374911,0.5672728233374911
17,7,1,2.3337402270582586,283.9493490147817,0.5672728233374911,0.5672728233374911
17,8,0,2.3337402270582586,283.9493490147817,0.5672728233374911,0.5672728233374911
17,8,1,2.3337402270582586,283.9493490147817,0.5672728233374911,0.5672728233374911
17,9,0,2.3337402270582586,283.9493490147817,0.5672728233374911,0.5672728233374911
17,9,1,2.3337402270582586,283.9493490147817,0.5672728233374911,0.5672728233374911
17,10,0,2.3337402270582586,283.9493490147817,0.5672728233374911,0.5672728233374911
17,10,1,2.3337402270582586,283.9493490147817,0.5672728233374911,0.5672728233374911
17,11,0,2.3337402270582586,283.9493490147817,0.5672728233374911,0.5672728233374911
17,11,1,2.3337402270582586,283.9493490147817,0.5672728233374911,0.5672728233374911
17,12,0,2.3337402270582586,283.9493490147817,0.5672728233374911,0.5672728233374911
17,12,1,2.3337402270582586,283.9493490147817,0.5672728233374911,0.5672728233374911
18,0,0,2.3337402270582586,283.9493490147817,0.5672728233374911,0.5672728233374911
18,0,1,2.3337402270582586,283.9493490147817,0.5672728233374911,0.5672728233374911
18,1,0,2.3337402270582586,283.9493490147817,0.5672728233374911,0.5672728233374911
18,1,1,2.3337402270582586,283.9493490147817,0.5672728233374911,0.5672728233374911
18,2,0,2.3337402270582586,283.9493490147817,0.5672728233374911,0.5672728233374911
18,2,1,2.3337402270582586,283.9493490147817,0.5672728233374911,0.5672728233374911
18,3,0,2.3337402270582586,283.9493490147817,0.5672728233374911,0.5672728233374911
18,3,1,2.3337402270582586,283.9493490147817,0.5672728233374911,0.5672728233374911
18,4,0,2.3337402270582586,283.9493490147817,0.5672728233374911,0.5672728233374911
18,4,1,2.3337402270582586,283.9493490147817,0.5672728233374911,0.5672728233374911
18,5,0,2.3337402270582586,283.9493490147817,0.5672728233374911,0.5672728233374911
18,5,1,2.3337402270582586,283.9493490147817,0.5672728233374911,0.5672728233374911
18,6,0,2.3337402270582586,283.9493490147817,0.5672728233374911,0.5672728233374911
18,6,1,2.3337402270582586,283.9493490147817,0.5672728233374911,0.5672728233374911
18,7,0,2.3337402270582586,283.9493490147817,0.5672728233374911,0.5672728233374911
18,7,1,2.3337402270582586,283.9493490147817,0.5672728233374911,0.5672728233374911
18,8,0,2.3337402270582586,283.9493490147817,0.5672728233374911,0.5672728233374911
18,8,1,2.3337402270582586,283.9493490147817,0.5672728233374911,0.5672728233374911
18,9,0,2.3337402270582586,283.9493490147817,0.5672728233374911,0.5672728233374911
18,9,1,2.3337402270582586,283.9493490147817,0.5672728233374911,0.5672728233374911
18,10,0,2.3337402270582586,283.9493490147817,0.5672728233374911,0.5672728233374911
18,10,1,2.3337402270582586,283.9493490147817,0.5672728233374911,0.5672728233374911
18,11,0,2.3337402270582586,283.9493490147817,0.5672728233374911,0.5672728233374911
18,11,1,2.3337402270582586,283.9493490147817,0.5672728233374911,0.5672728233374911
18,12,0,2.3337402270582586,283.9493490147817,0.5672728233374911,0.5672728233374911
18,12,1,2.3337402270582586,283.9493490147817,0.5672728233374911,0.5672728233374911
19,0,0,2.3337402270582586,283.9493490147817,0.5672728233374911,0.5672728233374911
19,0,1,2.3337402270582586,283.9493490147817,0.5672728233374911,0.5672728233374911
19,1,0,2.3337402270582586,283.9493490147817,0.5672728233374911,0.5672728233374911
19,1,1,2.3337402270582586,283.9493490147817,0.5672728233374911,0.5672728233374911
19,2,0,2.3337402270582586,283.9493490147817,0.5672728233374911,0.5672728233374911
19,2,1,2.3337402270582586,283.9493490147817,0.5672728233374911,0.5672728233374911
19,3,0,2.3337402270582586,283.9493490147817,0.5672728233374911,0.5672728233374911
19,3,1,2.3337402270582586,283.9493490147817,0.5672728233374911,0.5672728233374911
19,4,0,2.3337402270582586,283.9493490147817,0.5672728233374911,0.5672728233374911
19,4,1,2.3337402270582586,283.9493490147817,0.5672728233374911,0.5672728233374911
19,5,0,2.3337402270582586,283.9493490147817,0.5672728233374911,0.5672728233374911
19,5,1,2.3337402270582586,283.9493490147817,0.5672728233374911,0.5672728233374911
19,6,0,2.3337402270582586,283.9493490147817,0.5672728233374911,0.5672728233374911
19,6,1,2.3337402270582586,283.9493490147817,0.5672728233374911,0.5672728233374911
19,7,0,2.3337402270582586,283.9493490147817,0.5672728233374911,0.5672728233374911
19,7,1,2.3337402270582586,283.9493490147817,0.5672728233374911,0.5672728233374911
19,8,0,2.3337402270582586,283.9493490147817,0.5672728233374911,0.5672728233374911
19,8,1,2.3337402270582586,283.9493490147817,0.5672728233374911,0.5672728233374911
19,9,0,2.3337402270582586,283.9493490147817,0.5672728233374911,0.5672728233374911
19,9,1,2.3337402270582586,283.9493490147817,0.5672728233374911,0.5672728233374911
19,10,0,2.3337402270582586,283.9493490147817,0.5672728233374911,0.5672728233374911
19,10,1,2.3337402270582586,283.9493490147817,0.5672728233374911,0.5672728233374911
19,11,0,2.3337402270582586,283.9493490147817,0.5672728233374911,0.5672728233374911
19,11,1,2.3337402270582586,283.9493490147817,0.5672728233374911,0.5672728233374911
19,12,0,2.3337402270582586,283.9493490147817,0.5672728233374911,0.5672728233374911
19,12,1,2.3337402270582586,283.9493490147817,0.5672728233374911,0.5672728233374911
